loan_id,current_balance,note_rate,remaining_term
LN200000,383755.64,6.884,331
LN200001,696805.03,7.162,211
LN200002,655726.48,6.376,234
LN200003,300359.8,7.301,343
LN200004,330475.65,6.747,225
LN200005,298060.47,7.762,229
LN200006,488332.3,7.563,177
LN200007,368481.41,6.714,336
LN200008,528856.85,6.613,336
LN200009,164567.87,8.016,237
LN200010,764763.17,7.185,341
LN200011,361848.2,7.157,217
LN200012,513263.6,6.706,217
LN200013,355371.74,6.84,154
LN200014,318628.2,7.265,165
LN200015,465456.59,7.179,337
LN200016,547657.64,6.522,347
LN200017,344978.06,7.464,357
LN200018,352787.35,7.039,334
LN200019,514493.87,6.466,163
LN200020,255434.49,7.352,230
LN200021,191166.86,6.819,336
LN200022,451403.26,7.255,211
LN200023,279461.53,6.647,348
LN200024,159248.52,7.064,173
LN200025,261987.06,6.161,215
LN200026,306188.33,7.069,214
LN200027,220892.94,6.208,355
LN200028,193061.83,6.973,349
LN200029,384178.11,5.747,164
LN200030,565879.65,6.87,219
LN200031,340259.93,7.228,223
LN200032,270426.69,7.12,359
LN200033,449378.93,7.443,337
LN200034,521847.49,6.411,356
LN200035,330172.25,7.612,348
LN200036,482856.63,7.629,347
LN200037,604204.81,6.353,232
LN200038,344291.56,6.538,217
LN200039,262050.51,6.639,159
LN200040,441890.46,6.888,355
LN200041,422426.24,6.983,236
LN200042,619606.75,5.778,340
LN200043,211993.99,7.168,169
LN200044,280589.69,6.783,179
LN200045,259159.61,6.436,346
LN200046,173176.72,7.33,170
LN200047,400020.1,6.742,217
LN200048,479206.28,7.415,346
LN200049,271012.17,7.14,167
LN200050,704973.66,6.753,159
LN200051,547019.91,7.431,343
LN200052,501166.65,7.264,340
LN200053,452771.44,6.669,340
LN200054,580953.41,6.166,338
LN200055,207520.13,6.65,340
LN200056,498143.21,7.178,157
LN200057,495649.41,6.79,332
LN200058,170570.02,7.699,215
LN200059,441767.09,7.016,346
LN200060,337622.92,6.986,352
LN200061,537164.55,7.081,163
LN200062,310145.42,6.497,338
LN200063,374806.87,6.842,239
LN200064,440937.19,6.598,341
LN200065,254754.8,5.832,354
LN200066,494717.92,6.091,224
LN200067,360461.74,7.232,232
LN200068,471649.65,6.696,160
LN200069,298805.36,6.842,233
LN200070,616100.41,6.227,166
LN200071,496190.61,6.631,344
LN200072,348803.25,7.253,331
LN200073,502200.77,6.941,354
LN200074,666146.14,6.662,156
LN200075,846109.04,7.592,343
LN200076,186142.01,6.87,158
LN200077,562296.1,6.739,336
LN200078,465866.95,7.417,343
LN200079,362267.14,6.11,357
LN200080,240235.58,7.148,333
LN200081,665377.22,6.392,352
LN200082,214184.36,6.54,342
LN200083,487721.58,6.587,345
LN200084,678890.51,6.956,350
LN200085,183969.15,6.946,358
LN200086,329799.94,7.035,227
LN200087,209656.75,6.992,355
LN200088,421763.03,7.533,171
LN200089,747017.09,7.664,163
LN200090,939379.42,7.219,336
LN200091,169773.94,7.241,348
LN200092,291748.52,6.727,347
LN200093,518642.36,6.399,333
LN200094,769189.18,7.166,332
LN200095,456762.72,6.914,343
LN200096,270115.83,7.287,346
LN200097,431958.03,6.07,338
LN200098,375080.48,8.113,342
LN200099,344790.14,6.321,349
LN200100,271539.4,6.914,359
LN200101,449837.38,7.348,349
LN200102,434052.32,6.271,331
LN200103,362410.08,6.647,335
LN200104,342016.74,5.982,219
LN200105,211961.96,6.25,162
LN200106,303639.22,6.02,229
LN200107,650357.11,6.946,333
LN200108,346841.55,7.032,212
LN200109,197700.94,6.755,352
LN200110,688915.43,7.472,334
LN200111,479737.31,7.528,176
LN200112,975800.75,6.896,221
LN200113,388677.42,6.799,340
LN200114,307045.58,6.775,334
LN200115,196995.16,6.694,236
LN200116,685635.76,7.492,351
LN200117,1200987.53,7.007,357
LN200118,261177.05,6.749,359
LN200119,282429.74,6.796,348
LN200120,494182.17,7.147,333
LN200121,260073.38,6.719,340
LN200122,334577.32,7.042,220
LN200123,322851.44,6.884,349
LN200124,411990.69,7.514,162
LN200125,618494.04,7.426,338
LN200126,381667.45,6.258,155
LN200127,571422.46,6.828,346
LN200128,312832.92,7.223,352
LN200129,437960.45,6.697,351
LN200130,144375.53,7.268,224
LN200131,196791.07,7.053,344
LN200132,540654.42,7.169,332
LN200133,289759.72,6.872,222
LN200134,490576.37,7.039,344
LN200135,482352.02,7.138,355
LN200136,685154.76,6.234,237
LN200137,544547.86,6.486,342
LN200138,597207.94,6.44,334
LN200139,359375.27,7.663,175
LN200140,275997.26,7.038,161
LN200141,271895.5,7.07,331
LN200142,303384.05,6.98,155
LN200143,227283.05,6.666,344
LN200144,295382.06,6.564,331
LN200145,362477.78,7.286,354
LN200146,423199.9,6.732,348
LN200147,324445.77,7.617,178
LN200148,159009.19,6.99,343
LN200149,365801.9,6.943,353
LN200150,418227.22,6.803,170
LN200151,615622.08,6.868,170
LN200152,490123.8,6.917,336
LN200153,282878.35,7.591,343
LN200154,272849.35,7.959,357
LN200155,933917.54,6.38,340
LN200156,531182.86,7.018,153
LN200157,861579.37,7.223,339
LN200158,985224.27,6.494,335
LN200159,261512.38,6.616,347
LN200160,449434.64,6.696,349
LN200161,464422.37,5.814,341
LN200162,486114.78,7.197,331
LN200163,482256.08,6.882,223
LN200164,413866.66,6.861,345
LN200165,408698.38,6.94,351
LN200166,192191.89,7.016,232
LN200167,350790.34,7.95,233
LN200168,269937.48,6.986,212
LN200169,399957.6,7.281,348
LN200170,306195.39,6.669,335
LN200171,499173.43,7.063,160
LN200172,546319.15,6.762,151
LN200173,434211.1,6.837,356
LN200174,435674.29,6.496,346
LN200175,394037.18,6.536,341
LN200176,308928.61,7.111,333
LN200177,350932.43,7.242,359
LN200178,302347.96,7.113,227
LN200179,449984.65,6.602,354
LN200180,380303.76,7.048,337
LN200181,490880.29,5.76,340
LN200182,207831.47,7.332,228
LN200183,563473.2,6.889,156
LN200184,268112.31,7.029,220
LN200185,271562.49,7.432,337
LN200186,345768.65,6.716,342
LN200187,293270.74,7.34,340
LN200188,430792.1,6.709,157
LN200189,291851.5,7.154,352
LN200190,233540.23,6.724,350
LN200191,258270.63,7.046,331
LN200192,681987.79,7.564,348
LN200193,385497.81,6.615,222
LN200194,223459.6,6.634,358
LN200195,379323.38,6.762,213
LN200196,187624.64,7.046,354
LN200197,845496.65,8.151,332
LN200198,190300.44,6.649,336
LN200199,468744.56,5.989,353
LN200200,482630.24,6.616,346
LN200201,196785.79,6.197,331
LN200202,432569.8,6.659,354
LN200203,591905.31,6.92,357
LN200204,466392.77,6.48,163
LN200205,424994.65,6.605,341
LN200206,579237.6,6.069,349
LN200207,406273.39,6.995,172
LN200208,439663.93,6.575,347
LN200209,356951.19,7.403,357
LN200210,502166.55,7.388,175
LN200211,247397.51,6.521,343
LN200212,539645.65,6.747,332
LN200213,301037.12,6.939,353
LN200214,231325.37,7.257,239
LN200215,445403.8,6.16,337
LN200216,809526.3,6.883,359
LN200217,582526.37,7.756,346
LN200218,299638.53,6.876,228
LN200219,517363.7,7.016,172
LN200220,308038.62,6.917,350
LN200221,357383.88,6.379,179
LN200222,393431.54,7.346,349
LN200223,133202.57,7.039,339
LN200224,411926.9,6.991,331
LN200225,237767.93,7.246,221
LN200226,276107.39,7.273,343
LN200227,194638.42,6.063,336
LN200228,190979.88,7.136,344
LN200229,247188.27,6.656,228
LN200230,547924.79,6.991,164
LN200231,799780.94,6.597,333
LN200232,373634.09,6.529,162
LN200233,617651.99,7.35,239
LN200234,335569.12,6.917,342
LN200235,159849.3,6.793,333
LN200236,404269.5,6.791,346
LN200237,461813.43,6.958,337
LN200238,311606.7,6.915,338
LN200239,432949.1,5.855,237
LN200240,488954.56,6.53,359
LN200241,256232.66,6.817,331
LN200242,194424.5,7.261,216
LN200243,342083.51,7.539,357
LN200244,343656.29,6.504,356
LN200245,322441.21,7.8,218
LN200246,589267.53,6.97,340
LN200247,821501.87,7.149,232
LN200248,313289.63,6.688,335
LN200249,517556.28,6.657,159
LN200250,577113.1,7.578,334
LN200251,520890.4,6.833,335
LN200252,605459.75,6.886,173
LN200253,317176.84,7.455,356
LN200254,527174.77,7.71,338
LN200255,939770.91,6.258,350
LN200256,542543.77,6.85,336
LN200257,285907.15,6.93,334
LN200258,496751.49,7.754,349
LN200259,666933.53,8.049,346
LN200260,446153.51,6.915,229
LN200261,293268.61,7.106,355
LN200262,756729.24,7.329,161
LN200263,215341.27,7.459,357
LN200264,473977.82,6.796,358
LN200265,375155.37,7.327,356
LN200266,220846.9,6.626,334
LN200267,654172.85,5.735,176
LN200268,441937.59,6.32,354
LN200269,223533.23,7.04,349
LN200270,495415.61,7.297,357
LN200271,311188.57,5.926,337
LN200272,160511.31,6.131,338
LN200273,277164.71,6.932,166
LN200274,425479.77,5.423,179
LN200275,503047.98,7.2,237
LN200276,407126.3,7.415,228
LN200277,385655.13,5.605,229
LN200278,466899.84,7.297,338
LN200279,343669.35,6.865,165
LN200280,641782.09,7.592,178
LN200281,404037.62,7.081,227
LN200282,431334.53,6.847,343
LN200283,482016.72,7.01,341
LN200284,234837.38,7.38,178
LN200285,274641.65,7.043,160
LN200286,751807.16,6.976,356
LN200287,439443.07,6.308,338
LN200288,332766.83,7.177,338
LN200289,440665.84,6.974,164
LN200290,304262.02,7.79,337
LN200291,428364.34,6.955,359
LN200292,280052.56,6.922,349
LN200293,427873.56,6.68,337
LN200294,185796.71,7.289,153
LN200295,687824.12,6.871,337
LN200296,300001.72,6.645,332
LN200297,185501.08,7.687,338
LN200298,341685.42,7.768,344
LN200299,319792.06,6.76,167
LN200300,404721.25,6.503,349
LN200301,225711.24,7.474,214
LN200302,451908.07,6.588,221
LN200303,1929902.41,8.24,237
LN200304,212558.83,6.905,331
LN200305,439919.29,7.401,338
LN200306,328585.07,6.381,152
LN200307,412111.11,6.951,342
LN200308,167219.14,7.461,339
LN200309,225127.08,7.166,339
LN200310,464734.39,6.725,340
LN200311,371419.13,8.076,238
LN200312,788771.32,7.302,331
LN200313,275189.63,6.865,331
LN200314,408766.48,6.695,346
LN200315,1401816.13,6.846,359
LN200316,267766.84,7.579,155
LN200317,251613.5,6.62,354
LN200318,371969.08,6.984,177
LN200319,370393.54,6.598,165
LN200320,552522.71,7.536,341
LN200321,400585.97,6.895,163
LN200322,268831.98,7.359,349
LN200323,415614.84,7.226,354
LN200324,1238910.69,6.707,343
LN200325,669758.64,7.286,171
LN200326,108055.3,7.394,349
LN200327,354501.17,6.451,333
LN200328,254889.09,7.288,164
LN200329,500014.65,8.579,230
LN200330,349551.43,6.835,359
LN200331,901745.51,7.259,347
LN200332,574600.64,6.366,339
LN200333,564138.93,7.178,356
LN200334,410993.02,6.704,173
LN200335,371105.1,7.317,343
LN200336,440407.41,6.947,353
LN200337,676880.78,6.437,339
LN200338,480628.52,7.468,337
LN200339,322663.38,6.872,338
LN200340,670757.29,6.51,153
LN200341,412018.78,7.0,353
LN200342,364925.23,6.532,348
LN200343,264674.21,7.149,229
LN200344,292926.8,6.941,342
LN200345,283836.45,6.802,161
LN200346,107561.04,7.273,355
LN200347,597168.94,6.391,331
LN200348,487618.9,7.411,349
LN200349,343160.23,6.06,337
LN200350,605050.51,7.699,355
LN200351,460224.2,7.053,353
LN200352,446672.04,6.85,334
LN200353,124086.1,6.636,358
LN200354,340277.72,7.219,348
LN200355,480152.79,6.898,350
LN200356,779753.88,6.889,340
LN200357,865019.42,7.439,344
LN200358,717839.83,6.773,169
LN200359,224055.77,6.863,232
LN200360,140564.6,7.165,343
LN200361,488495.65,7.458,337
LN200362,382621.55,6.902,169
LN200363,582755.8,7.043,352
LN200364,357084.09,6.991,213
LN200365,417176.33,7.308,356
LN200366,192409.17,7.648,331
LN200367,462304.43,6.545,342
LN200368,309331.94,6.91,225
LN200369,442354.97,6.949,337
LN200370,464681.37,7.239,165
LN200371,358478.72,7.653,354
LN200372,435798.41,6.963,177
LN200373,375589.24,7.067,350
LN200374,531795.51,7.485,348
LN200375,473619.18,6.404,352
LN200376,295412.27,6.62,339
LN200377,290052.93,6.765,359
LN200378,828238.96,6.967,336
LN200379,361008.42,7.074,160
LN200380,590478.22,6.733,220
LN200381,451079.16,7.768,358
LN200382,293174.69,6.648,349
LN200383,269773.05,6.877,342
LN200384,398886.06,7.464,338
LN200385,424161.27,7.321,341
LN200386,498240.52,6.962,347
LN200387,213684.2,7.14,344
LN200388,289169.14,7.341,338
LN200389,362103.28,6.962,358
LN200390,776624.15,7.263,355
LN200391,130652.21,6.549,178
LN200392,460457.01,6.999,336
LN200393,296367.02,6.218,345
LN200394,458857.21,6.559,344
LN200395,302847.31,6.444,165
LN200396,445263.94,7.535,335
LN200397,764105.89,6.753,359
LN200398,443194.04,7.1,357
LN200399,459275.03,6.542,359
LN200400,446931.49,6.87,341
LN200401,269610.46,6.835,337
LN200402,482498.25,6.571,341
LN200403,344076.26,7.353,350
LN200404,262263.08,6.202,341
LN200405,371397.42,7.246,339
LN200406,341155.86,8.174,218
LN200407,530428.5,6.584,174
LN200408,370680.91,6.972,356
LN200409,297784.58,6.245,352
LN200410,727640.03,6.944,338
LN200411,589570.17,6.161,333
LN200412,669142.81,7.24,340
LN200413,496741.4,6.727,354
LN200414,359694.37,6.106,339
LN200415,312944.93,6.357,348
LN200416,333257.77,6.222,344
LN200417,578871.22,6.816,345
LN200418,397412.88,7.335,349
LN200419,193899.47,6.761,159
LN200420,371308.03,6.403,355
LN200421,199811.09,6.558,230
LN200422,407181.44,6.992,340
LN200423,219840.09,5.822,161
LN200424,213972.61,7.204,356
LN200425,398608.61,7.119,353
LN200426,364826.83,5.807,337
LN200427,178899.91,7.473,220
LN200428,529175.39,6.18,350
LN200429,1000257.52,6.829,239
LN200430,194027.55,7.467,357
LN200431,857097.46,6.174,354
LN200432,277303.9,6.076,224
LN200433,302559.66,6.409,358
LN200434,348667.94,6.425,331
LN200435,197205.14,6.858,357
LN200436,678053.71,6.679,342
LN200437,471694.43,6.691,338
LN200438,269472.1,6.698,354
LN200439,333597.29,6.835,226
LN200440,190996.96,6.525,352
LN200441,323153.77,7.068,337
LN200442,575889.14,6.916,353
LN200443,174642.12,6.45,331
LN200444,310539.5,7.755,171
LN200445,403701.42,6.334,174
LN200446,605664.96,7.256,341
LN200447,693546.3,6.576,337
LN200448,307616.98,7.085,336
LN200449,270827.25,7.16,331
LN200450,462801.9,7.316,356
LN200451,320908.04,7.574,351
LN200452,328688.52,6.535,161
LN200453,614434.24,8.236,357
LN200454,808354.98,7.11,213
LN200455,425923.46,6.551,166
LN200456,346583.1,6.302,341
LN200457,488669.87,8.005,344
LN200458,161618.26,7.684,341
LN200459,374805.48,6.921,160
LN200460,234477.51,7.28,332
LN200461,1107501.42,7.536,343
LN200462,522544.02,6.977,335
LN200463,402717.65,6.737,171
LN200464,346247.96,6.917,331
LN200465,121861.97,7.319,175
LN200466,520807.92,6.944,338
LN200467,786690.8,6.368,350
LN200468,272230.82,7.281,357
LN200469,513963.0,6.14,226
LN200470,523095.31,6.589,346
LN200471,188285.95,7.504,354
LN200472,575766.63,7.044,336
LN200473,695249.48,7.042,351
LN200474,418817.52,6.984,347
LN200475,367303.09,7.409,334
LN200476,538723.7,6.911,331
LN200477,188911.75,6.037,347
LN200478,394096.41,7.047,351
LN200479,607330.51,5.524,356
LN200480,216052.92,5.99,347
LN200481,590681.11,7.662,340
LN200482,313066.59,7.412,343
LN200483,148153.24,6.72,229
LN200484,360334.47,6.899,168
LN200485,244023.81,6.973,165
LN200486,436280.81,7.394,352
LN200487,222996.43,6.577,348
LN200488,606220.28,6.527,334
LN200489,271007.26,6.644,176
LN200490,443625.23,6.996,346
LN200491,289260.68,7.054,338
LN200492,326788.07,6.751,357
LN200493,646072.21,7.282,343
LN200494,416336.8,6.462,357
LN200495,316351.78,6.897,331
LN200496,215172.63,6.614,228
LN200497,636890.24,6.469,179
LN200498,525517.92,7.497,346
LN200499,326254.66,6.785,343
LN200500,421622.02,6.469,344
LN200501,237771.32,6.951,347
LN200502,239352.91,6.471,169
LN200503,260560.42,7.206,227
LN200504,443040.64,7.323,335
LN200505,431708.21,7.404,339
LN200506,270219.05,6.445,351
LN200507,526692.99,6.865,232
LN200508,537931.57,7.781,355
LN200509,408473.86,6.834,348
LN200510,602986.08,7.515,223
LN200511,332056.84,7.635,356
LN200512,359157.05,6.298,334
LN200513,467502.95,7.491,343
LN200514,372150.91,7.28,157
LN200515,540164.59,7.337,227
LN200516,215060.33,7.711,179
LN200517,717816.19,7.146,358
LN200518,265880.53,6.97,342
LN200519,350901.38,7.215,353
LN200520,203308.6,6.776,229
LN200521,495079.97,7.162,348
LN200522,670385.14,6.008,212
LN200523,611913.16,7.73,344
LN200524,549845.87,6.69,333
LN200525,187523.62,7.183,357
LN200526,265773.29,7.077,218
LN200527,306882.8,6.982,342
LN200528,248138.94,6.985,224
LN200529,626301.64,6.963,216
LN200530,410607.27,6.18,212
LN200531,373756.4,6.682,350
LN200532,470600.88,7.483,179
LN200533,246260.69,6.463,238
LN200534,251102.55,6.448,340
LN200535,254159.33,7.906,235
LN200536,472741.48,7.488,356
LN200537,440688.21,7.652,157
LN200538,490174.21,6.927,343
LN200539,613936.6,7.056,164
LN200540,205168.97,7.283,167
LN200541,293652.41,7.191,356
LN200542,403837.03,6.892,339
LN200543,205960.59,6.259,235
LN200544,297418.55,6.594,354
LN200545,596412.33,6.238,335
LN200546,620675.94,7.653,238
LN200547,613473.68,6.745,340
LN200548,385282.65,6.845,344
LN200549,343516.06,7.058,339
LN200550,614252.06,6.934,336
LN200551,319554.73,7.168,175
LN200552,440022.91,6.639,357
LN200553,686080.37,6.225,211
LN200554,320285.38,7.728,176
LN200555,287111.52,6.597,352
LN200556,376305.83,6.705,354
LN200557,494669.51,6.557,349
LN200558,469516.44,6.67,156
LN200559,405351.77,6.93,233
LN200560,485417.0,7.263,339
LN200561,183974.99,6.437,152
LN200562,256710.65,7.052,346
LN200563,406698.05,6.61,341
LN200564,248817.97,7.469,346
LN200565,206616.78,6.354,343
LN200566,219444.71,6.963,344
LN200567,249996.14,7.244,227
LN200568,348732.64,6.294,177
LN200569,238516.3,6.966,339
LN200570,420028.99,6.982,358
LN200571,810717.88,6.55,226
LN200572,353607.46,6.816,343
LN200573,670640.86,7.367,346
LN200574,430270.27,7.026,332
LN200575,228308.71,6.724,355
LN200576,336714.35,6.818,352
LN200577,242934.93,7.117,216
LN200578,533890.19,7.491,334
LN200579,224915.85,7.275,358
LN200580,685245.37,7.245,211
LN200581,490195.27,7.624,333
LN200582,152106.31,6.207,168
LN200583,537846.33,6.256,333
LN200584,760120.23,5.875,335
LN200585,264775.84,7.289,224
LN200586,588738.88,5.867,332
LN200587,168232.59,6.888,355
LN200588,423303.63,7.251,356
LN200589,178929.89,6.273,353
LN200590,469512.63,6.607,159
LN200591,169023.21,6.787,355
LN200592,115564.37,7.238,164
LN200593,451629.06,6.216,159
LN200594,1058036.02,7.05,170
LN200595,289040.83,7.222,169
LN200596,549052.33,6.97,359
LN200597,397199.73,6.976,331
LN200598,326699.94,7.471,358
LN200599,498469.39,7.004,350
LN200600,791319.4,6.894,340
LN200601,216764.53,6.752,350
LN200602,487052.97,7.199,216
LN200603,441390.6,6.772,160
LN200604,199071.43,7.199,213
LN200605,781518.75,6.948,214
LN200606,908532.52,7.414,218
LN200607,246132.96,6.545,344
LN200608,826065.84,6.937,341
LN200609,387565.56,7.06,236
LN200610,351130.34,7.089,229
LN200611,743353.19,7.414,355
LN200612,418620.19,7.08,341
LN200613,437050.35,7.311,339
LN200614,748127.18,7.789,220
LN200615,674733.79,7.283,337
LN200616,564836.61,6.424,351
LN200617,201214.56,6.257,211
LN200618,186241.39,7.205,359
LN200619,627273.6,6.732,343
LN200620,249035.5,7.033,220
LN200621,404008.88,6.824,337
LN200622,233057.89,7.492,355
LN200623,347915.74,7.443,340
LN200624,212556.21,6.393,156
LN200625,786975.87,7.025,344
LN200626,238915.2,6.766,356
LN200627,357709.73,6.311,336
LN200628,347209.9,7.194,165
LN200629,650254.14,6.837,354
LN200630,199470.3,7.101,225
LN200631,372268.49,8.019,355
LN200632,343938.84,7.5,346
LN200633,479663.95,7.399,351
LN200634,467325.87,6.717,335
LN200635,306719.4,6.368,348
LN200636,420915.86,7.464,343
LN200637,319269.39,6.764,332
LN200638,466506.11,6.921,226
LN200639,360848.49,6.731,336
LN200640,281353.86,6.946,222
LN200641,373238.86,7.986,338
LN200642,445110.27,6.759,345
LN200643,1047609.76,6.774,334
LN200644,302949.13,6.992,220
LN200645,433813.79,7.029,348
LN200646,729957.11,6.359,331
LN200647,148330.57,6.1,331
LN200648,172474.96,6.637,343
LN200649,221345.0,6.803,153
LN200650,358960.66,6.543,349
LN200651,1132982.49,6.446,354
LN200652,450669.56,6.472,332
LN200653,650833.05,6.717,349
LN200654,341962.66,6.84,336
LN200655,124704.08,6.159,351
LN200656,133417.32,6.645,154
LN200657,597645.59,7.052,354
LN200658,410676.6,6.835,344
LN200659,210670.36,6.278,152
LN200660,624788.73,6.729,161
LN200661,189064.74,6.881,168
LN200662,629564.44,7.235,358
LN200663,726125.34,6.157,214
LN200664,267855.79,7.196,342
LN200665,229514.59,6.68,342
LN200666,552562.43,6.979,177
LN200667,230843.36,7.195,178
LN200668,556945.93,6.496,215
LN200669,220690.62,6.524,347
LN200670,543499.95,6.835,336
LN200671,394200.39,7.212,337
LN200672,311023.66,6.641,352
LN200673,252537.85,6.25,350
LN200674,420535.08,6.572,340
LN200675,161244.52,7.057,351
LN200676,333764.41,7.405,340
LN200677,316192.08,6.656,177
LN200678,512797.6,6.737,355
LN200679,214948.85,6.802,346
LN200680,817022.33,6.822,335
LN200681,328457.65,6.457,332
LN200682,226431.82,6.683,357
LN200683,705110.62,6.978,359
LN200684,798662.32,6.927,350
LN200685,347276.7,6.891,334
LN200686,253062.5,6.429,162
LN200687,380635.83,6.634,342
LN200688,276976.86,6.56,344
LN200689,328390.74,7.352,351
LN200690,761974.04,7.532,355
LN200691,450777.88,7.034,333
LN200692,403447.54,7.595,235
LN200693,441564.78,6.749,333
LN200694,368145.72,6.751,211
LN200695,551876.78,6.3,331
LN200696,561324.86,6.984,334
LN200697,319976.24,6.678,226
LN200698,396196.0,6.923,346
LN200699,1119617.86,7.1,347
LN200700,456842.58,6.774,357
LN200701,347576.66,6.38,340
LN200702,950492.76,6.863,356
LN200703,379503.53,6.851,214
LN200704,230634.31,6.896,339
LN200705,511926.29,7.185,349
LN200706,252067.65,6.788,345
LN200707,302133.55,6.765,350
LN200708,437670.21,7.659,337
LN200709,356942.3,7.364,228
LN200710,268016.97,6.845,357
LN200711,294915.48,6.469,359
LN200712,289339.3,6.688,221
LN200713,638679.75,7.057,335
LN200714,273190.45,7.264,217
LN200715,292107.15,7.962,166
LN200716,945655.87,6.78,348
LN200717,294543.09,6.958,346
LN200718,738674.4,6.732,161
LN200719,683139.27,6.928,221
LN200720,352792.84,6.722,213
LN200721,199515.75,6.417,216
LN200722,463346.71,7.349,354
LN200723,511487.46,6.952,339
LN200724,584134.51,7.468,354
LN200725,390321.85,6.671,350
LN200726,649803.58,7.013,171
LN200727,706469.92,7.19,171
LN200728,235132.07,6.062,161
LN200729,719019.87,6.311,350
LN200730,408774.36,7.233,175
LN200731,292959.52,6.944,344
LN200732,327417.72,6.083,357
LN200733,879652.31,6.572,156
LN200734,588415.16,6.433,344
LN200735,168940.84,6.687,359
LN200736,392358.18,7.589,229
LN200737,354847.02,6.647,162
LN200738,349186.09,7.805,359
LN200739,299975.08,6.792,335
LN200740,196229.25,6.578,338
LN200741,556885.25,7.601,343
LN200742,247586.22,7.327,238
LN200743,319929.53,7.519,348
LN200744,288168.64,7.771,171
LN200745,272352.86,7.381,346
LN200746,527989.16,7.452,354
LN200747,449132.36,6.145,225
LN200748,279009.69,6.543,335
LN200749,247016.33,7.107,341
LN200750,305938.09,7.003,169
LN200751,583929.43,7.233,357
LN200752,399927.74,6.702,342
LN200753,419686.04,7.409,337
LN200754,326015.72,7.813,222
LN200755,336491.56,7.176,344
LN200756,416573.92,7.289,355
LN200757,164856.93,7.144,351
LN200758,780586.38,7.332,166
LN200759,265119.23,7.015,213
LN200760,292620.86,6.696,168
LN200761,690173.43,7.008,348
LN200762,417679.52,6.969,217
LN200763,385120.73,6.242,337
LN200764,290651.68,7.026,233
LN200765,187184.18,6.933,351
LN200766,410692.46,7.014,177
LN200767,647090.97,6.678,344
LN200768,252087.04,7.136,335
LN200769,697748.66,7.199,354
LN200770,227558.03,6.607,357
LN200771,271595.62,7.065,352
LN200772,474504.19,7.268,359
LN200773,377907.18,7.251,350
LN200774,515696.73,6.51,332
LN200775,270652.88,6.464,235
LN200776,237537.74,6.929,157
LN200777,163112.65,6.451,337
LN200778,219850.81,8.028,333
LN200779,232844.48,6.553,346
LN200780,198836.87,6.558,177
LN200781,434165.93,7.198,169
LN200782,280302.94,6.7,356
LN200783,154452.48,5.864,223
LN200784,1155382.16,6.84,164
LN200785,259546.3,6.464,353
LN200786,214785.54,6.668,236
LN200787,660187.55,6.181,167
LN200788,638463.48,6.495,344
LN200789,225093.49,6.822,343
LN200790,194674.2,6.858,332
LN200791,240949.95,6.395,342
LN200792,628218.39,6.57,346
LN200793,328504.95,6.508,347
LN200794,262619.24,6.947,355
LN200795,373101.94,6.817,338
LN200796,649696.56,6.327,344
LN200797,202213.0,7.166,334
LN200798,317954.55,6.569,339
LN200799,202766.53,7.052,332
LN200800,1004343.36,6.471,350
LN200801,856507.48,7.009,343
LN200802,579776.22,6.823,358
LN200803,355878.2,6.9,152
LN200804,508378.49,7.099,336
LN200805,146747.46,7.07,332
LN200806,427952.11,6.948,348
LN200807,207129.65,6.947,340
LN200808,208194.24,6.31,338
LN200809,275198.48,6.843,356
LN200810,322796.38,5.901,227
LN200811,489320.61,5.878,341
LN200812,517973.82,6.735,355
LN200813,425311.53,6.775,344
LN200814,247069.03,7.538,211
LN200815,512250.27,7.17,339
LN200816,357878.35,7.367,346
LN200817,642728.4,6.737,352
LN200818,250112.41,7.072,348
LN200819,108980.39,7.393,151
LN200820,304935.45,7.112,332
LN200821,994945.37,7.035,349
LN200822,466689.23,6.925,344
LN200823,346253.49,6.471,211
LN200824,562423.76,6.484,352
LN200825,473926.08,6.246,231
LN200826,465086.24,7.064,346
LN200827,299922.39,6.763,346
LN200828,391073.78,6.584,216
LN200829,413706.03,7.042,340
LN200830,282992.8,6.63,344
LN200831,228421.06,7.35,352
LN200832,402292.51,7.734,154
LN200833,584304.25,7.088,348
LN200834,505681.09,6.581,358
LN200835,471967.05,6.223,340
LN200836,474167.66,7.782,334
LN200837,1208844.81,7.089,158
LN200838,424778.11,6.367,355
LN200839,603977.17,7.366,333
LN200840,911702.97,6.148,339
LN200841,387028.24,6.694,163
LN200842,425667.18,6.784,346
LN200843,604523.28,6.73,332
LN200844,807600.68,6.383,213
LN200845,435074.22,7.956,351
LN200846,444956.83,6.713,165
LN200847,393663.73,7.061,162
LN200848,219664.11,6.906,345
LN200849,624886.35,6.179,338
LN200850,337307.45,6.647,358
LN200851,174370.19,6.984,357
LN200852,354163.17,7.306,355
LN200853,173721.91,6.738,157
LN200854,240448.54,7.055,346
LN200855,381498.55,6.741,216
LN200856,250135.47,7.154,347
LN200857,613091.68,5.789,343
LN200858,195538.36,7.16,227
LN200859,426549.77,6.615,213
LN200860,487134.32,6.634,353
LN200861,731415.37,5.625,219
LN200862,574273.95,6.419,219
LN200863,421222.53,7.167,349
LN200864,393280.21,7.925,161
LN200865,369483.06,6.58,216
LN200866,633324.64,6.599,332
LN200867,282339.41,7.113,164
LN200868,479731.53,7.023,346
LN200869,363857.43,6.632,220
LN200870,422968.88,6.82,345
LN200871,337324.5,6.724,211
LN200872,992312.31,7.172,343
LN200873,282474.8,7.25,159
LN200874,425528.99,7.682,163
LN200875,429971.44,7.306,217
LN200876,499334.3,7.195,358
LN200877,465172.45,6.967,336
LN200878,459819.82,7.316,233
LN200879,590927.53,6.457,354
LN200880,192992.2,7.862,351
LN200881,381610.2,7.024,238
LN200882,218080.13,7.53,353
LN200883,421865.84,6.542,357
LN200884,223150.41,7.36,346
LN200885,246682.3,7.078,346
LN200886,369780.08,6.816,358
LN200887,712371.71,6.6,331
LN200888,492804.3,6.505,359
LN200889,434334.08,7.704,347
LN200890,714715.93,7.446,350
LN200891,248415.3,6.951,213
LN200892,148273.56,6.987,339
LN200893,314129.1,6.574,351
LN200894,335421.3,6.077,349
LN200895,662642.88,6.097,355
LN200896,995520.54,6.627,339
LN200897,208986.37,6.831,228
LN200898,1159248.41,6.375,226
LN200899,768736.07,7.257,335
LN200900,554542.64,7.131,152
LN200901,448735.16,6.972,331
LN200902,1132936.16,6.111,334
LN200903,394290.51,6.803,344
LN200904,307257.27,6.886,336
LN200905,404826.91,6.334,348
LN200906,205350.84,5.919,332
LN200907,470272.39,7.76,217
LN200908,361948.93,7.178,166
LN200909,441284.09,6.727,347
LN200910,447208.58,7.617,355
LN200911,236149.09,7.399,351
LN200912,687639.0,7.101,333
LN200913,240884.45,7.001,338
LN200914,567183.2,7.25,351
LN200915,185681.93,7.557,357
LN200916,449557.62,6.931,345
LN200917,262989.84,6.796,157
LN200918,387757.19,7.161,353
LN200919,283751.2,5.633,332
LN200920,142423.57,6.939,223
LN200921,230378.44,6.717,357
LN200922,392406.08,6.892,333
LN200923,503827.74,6.817,217
LN200924,196438.22,7.051,343
LN200925,146231.06,6.947,359
LN200926,256990.0,6.93,358
LN200927,345987.14,6.84,356
LN200928,286174.4,7.104,236
LN200929,264332.76,6.671,351
LN200930,557984.73,7.342,239
LN200931,587697.04,6.143,331
LN200932,531315.69,6.991,345
LN200933,249503.82,7.103,358
LN200934,393814.06,6.328,339
LN200935,348770.74,6.706,346
LN200936,200177.02,7.496,224
LN200937,566045.58,6.841,347
LN200938,395888.37,6.503,338
LN200939,305924.33,5.559,354
LN200940,720136.1,7.053,353
LN200941,536605.08,6.946,331
LN200942,559330.15,7.174,339
LN200943,652980.02,7.822,233
LN200944,525601.66,6.898,353
LN200945,215316.34,6.96,153
LN200946,319410.45,6.591,346
LN200947,597555.49,6.872,224
LN200948,269177.74,6.887,341
LN200949,386819.62,7.24,339
LN200950,454969.26,7.149,172
LN200951,727703.36,6.556,338
LN200952,682397.55,6.686,332
LN200953,569860.83,7.52,220
LN200954,349725.64,6.468,170
LN200955,574024.67,7.236,216
LN200956,482293.38,7.631,355
LN200957,353551.34,7.194,154
LN200958,700465.58,7.014,159
LN200959,474976.69,7.514,355
LN200960,270540.88,7.059,345
LN200961,672065.33,6.896,357
LN200962,338883.39,6.809,355
LN200963,496472.0,7.417,226
LN200964,191388.61,7.213,343
LN200965,376692.67,7.595,356
LN200966,248199.62,6.749,214
LN200967,245220.47,6.759,342
LN200968,160771.3,6.704,217
LN200969,996386.89,7.026,152
LN200970,354972.75,6.588,342
LN200971,422680.02,7.317,345
LN200972,625118.09,7.052,344
LN200973,359402.44,6.458,175
LN200974,478307.12,5.566,175
LN200975,205925.6,6.078,176
LN200976,414633.53,7.547,345
LN200977,315036.72,6.872,344
LN200978,475390.77,6.966,335
LN200979,411686.33,6.708,218
LN200980,203407.62,7.077,352
LN200981,164900.68,6.035,336
LN200982,240298.79,5.999,337
LN200983,528624.19,6.163,338
LN200984,459328.75,6.929,223
LN200985,454781.77,7.216,166
LN200986,152870.26,7.112,224
LN200987,113061.34,6.842,154
LN200988,286371.61,6.322,336
LN200989,326395.72,7.257,224
LN200990,288912.14,6.772,178
LN200991,444557.86,6.889,340
LN200992,350842.4,6.865,234
LN200993,222184.91,6.687,179
LN200994,254951.39,6.573,338
LN200995,403942.66,6.632,345
LN200996,391289.45,6.317,333
LN200997,366208.26,7.01,177
LN200998,1050294.58,6.82,332
LN200999,336355.36,7.356,233
LN201000,399543.32,6.083,153
LN201001,241753.36,7.426,351
LN201002,321953.2,6.866,351
LN201003,479021.99,6.825,223
LN201004,488282.14,6.535,162
LN201005,352382.35,6.53,177
LN201006,451760.08,6.226,159
LN201007,387641.64,7.302,159
LN201008,162151.51,6.802,331
LN201009,86583.17,7.221,348
LN201010,1069179.13,7.27,344
LN201011,549237.93,6.673,353
LN201012,368365.48,6.791,331
LN201013,172863.46,6.743,152
LN201014,212864.25,7.36,152
LN201015,695602.91,6.957,340
LN201016,107763.55,6.974,349
LN201017,326578.46,7.223,350
LN201018,558622.1,6.864,163
LN201019,403055.1,7.818,356
LN201020,530741.99,6.481,351
LN201021,356223.04,7.463,345
LN201022,1109508.57,7.531,219
LN201023,237940.6,6.385,217
LN201024,204714.66,7.287,224
LN201025,427587.44,7.026,345
LN201026,719049.75,7.291,152
LN201027,368510.02,6.359,171
LN201028,605873.65,7.009,343
LN201029,297597.67,6.459,356
LN201030,221682.41,6.751,220
LN201031,709516.34,7.539,233
LN201032,765508.35,6.839,342
LN201033,753348.01,5.887,337
LN201034,310258.43,6.27,359
LN201035,224702.21,6.387,355
LN201036,223274.38,7.357,339
LN201037,341563.44,6.586,331
LN201038,491133.64,6.199,344
LN201039,475205.12,7.402,158
LN201040,198172.27,7.013,179
LN201041,412586.97,7.054,348
LN201042,380923.23,6.54,153
LN201043,393537.65,7.542,354
LN201044,373887.7,6.845,340
LN201045,345072.71,6.012,346
LN201046,493534.65,6.388,334
LN201047,400096.62,6.521,332
LN201048,418239.45,6.828,354
LN201049,276933.98,7.244,356
LN201050,451564.97,6.573,334
LN201051,357845.33,6.63,352
LN201052,145881.8,7.892,348
LN201053,469770.27,6.937,177
LN201054,335520.67,6.662,226
LN201055,573321.2,6.915,339
LN201056,351312.03,6.337,357
LN201057,361960.51,7.141,332
LN201058,415665.03,7.336,352
LN201059,375885.24,6.638,163
LN201060,309049.31,7.351,165
LN201061,168625.29,6.769,171
LN201062,865951.57,7.03,357
LN201063,185706.13,6.566,212
LN201064,324061.85,6.54,343
LN201065,507010.39,6.225,342
LN201066,448373.64,6.999,356
LN201067,487792.48,6.772,152
LN201068,534191.64,6.786,218
LN201069,667231.44,6.392,349
LN201070,431987.55,6.374,346
LN201071,1397735.13,6.615,355
LN201072,239507.31,7.111,335
LN201073,418610.03,7.035,357
LN201074,321255.08,6.593,219
LN201075,295688.78,7.032,352
LN201076,430044.45,7.691,218
LN201077,728383.4,6.948,347
LN201078,274520.35,7.81,334
LN201079,274428.07,7.095,157
LN201080,523553.51,7.499,335
LN201081,482710.26,6.662,346
LN201082,911972.53,7.428,237
LN201083,600141.37,6.367,172
LN201084,419026.99,7.009,347
LN201085,325838.35,6.749,333
LN201086,416333.87,6.001,351
LN201087,349244.27,6.286,223
LN201088,204451.0,7.409,338
LN201089,379299.03,7.12,342
LN201090,349259.18,7.482,348
LN201091,340350.48,6.988,336
LN201092,311509.65,5.593,239
LN201093,808475.6,7.012,340
LN201094,516946.32,6.643,338
LN201095,576057.51,6.672,352
LN201096,287484.0,6.697,231
LN201097,238516.76,6.554,332
LN201098,332726.76,6.467,232
LN201099,421766.38,7.458,355
LN201100,323507.16,7.1,337
LN201101,347205.45,6.604,235
LN201102,582458.56,6.708,153
LN201103,432364.99,7.337,341
LN201104,242696.71,7.07,347
LN201105,311693.27,6.986,343
LN201106,281104.44,6.346,341
LN201107,409952.6,6.702,353
LN201108,223487.61,6.387,238
LN201109,348689.89,6.035,219
LN201110,516103.87,7.3,359
LN201111,382812.4,6.749,237
LN201112,250478.94,6.711,235
LN201113,286355.18,6.465,346
LN201114,399645.22,7.237,352
LN201115,469658.56,7.838,212
LN201116,550760.97,7.16,232
LN201117,353991.93,7.315,334
LN201118,208900.25,6.336,357
LN201119,717566.72,6.976,222
LN201120,432104.78,6.995,239
LN201121,453661.63,7.567,156
LN201122,433591.02,6.901,220
LN201123,236926.18,6.472,340
LN201124,327318.01,6.866,222
LN201125,424276.6,6.701,353
LN201126,601425.04,7.547,156
LN201127,388270.05,7.195,335
LN201128,92818.17,7.049,337
LN201129,339003.76,6.977,342
LN201130,442886.53,7.275,224
LN201131,676457.33,6.675,342
LN201132,520459.24,6.482,344
LN201133,1158884.52,6.049,332
LN201134,717356.76,7.429,333
LN201135,693026.32,7.123,223
LN201136,577595.37,7.184,157
LN201137,202861.48,6.914,350
LN201138,553240.04,7.643,214
LN201139,494915.53,6.453,347
LN201140,298243.42,7.436,228
LN201141,492064.57,6.514,343
LN201142,456116.85,6.69,357
LN201143,306543.74,6.346,334
LN201144,357484.92,6.934,336
LN201145,335672.7,6.762,335
LN201146,419194.43,7.087,349
LN201147,312173.88,6.629,348
LN201148,482909.94,6.265,168
LN201149,159445.91,7.147,165
LN201150,332869.84,7.471,160
LN201151,177063.76,7.223,358
LN201152,304087.21,6.867,334
LN201153,476868.47,7.073,161
LN201154,381589.22,6.126,341
LN201155,359542.87,6.74,156
LN201156,389777.41,7.413,332
LN201157,765779.81,7.097,354
LN201158,229707.3,6.506,156
LN201159,563461.6,7.275,341
LN201160,191320.63,6.83,222
LN201161,306209.9,7.219,355
LN201162,406766.01,6.256,176
LN201163,257588.44,6.652,335
LN201164,414441.19,7.036,338
LN201165,524544.8,7.026,218
LN201166,220839.26,7.139,336
LN201167,364965.17,6.885,332
LN201168,318991.5,6.8,342
LN201169,157818.65,7.102,351
LN201170,347385.77,7.278,347
LN201171,263913.78,6.208,355
LN201172,690356.03,6.745,336
LN201173,254834.94,6.798,343
LN201174,811903.71,6.961,336
LN201175,297248.41,7.345,238
LN201176,903959.06,6.293,342
LN201177,481710.97,7.129,336
LN201178,463520.33,6.112,331
LN201179,543044.12,6.551,354
LN201180,567169.22,6.655,215
LN201181,710593.4,6.768,356
LN201182,824137.99,6.615,333
LN201183,323305.63,6.659,175
LN201184,215305.64,6.737,353
LN201185,113559.73,6.769,339
LN201186,317461.13,6.062,359
LN201187,532046.56,6.261,358
LN201188,448039.89,6.694,331
LN201189,398000.38,7.127,347
LN201190,322799.32,7.34,347
LN201191,283332.93,8.17,354
LN201192,332608.39,6.939,346
LN201193,450184.93,6.537,337
LN201194,170809.0,6.97,216
LN201195,524598.96,7.196,358
LN201196,196038.86,6.953,359
LN201197,351920.95,6.415,354
LN201198,284031.74,6.845,356
LN201199,320003.12,6.872,217
